family,number_of_members,members_found,0,0,0,0,0,0,0,0,0,0,0,0,0,0,0,0
PTHR10574,1,NTN1,,,,,,,,,,,,,,,,
PTHR10795,1,TPP2,,,,,,,,,,,,,,,,
PTHR11937,5,ACTB,ACTR3,ACTR2,ACTG1,ACTR2,,,,,,,,,,,,
PTHR10799,1,SMARCA4,,,,,,,,,,,,,,,,
PTHR24351,1,RPS6KA3,,,,,,,,,,,,,,,,
PTHR11528,3,HSP90B1,HSP90AA1,HSP90AB1,,,,,,,,,,,,,,
PTHR19850,1,GNB2,,,,,,,,,,,,,,,,
PTHR24353,2,PRKACB,PRKACB,,,,,,,,,,,,,,,
PTHR24056,3,CDK9,CDK1,CDK1,,,,,,,,,,,,,,
PTHR10625,5,HDAC2,HDAC2,HDAC2,HDAC11,HDAC2,,,,,,,,,,,,
PTHR24033,1,NOTCH1,,,,,,,,,,,,,,,,
PTHR13715,1,ITPR3,,,,,,,,,,,,,,,,
PTHR11566,1,DNM1L,,,,,,,,,,,,,,,,
PTHR18934,2,DHX9,DHX33,,,,,,,,,,,,,,,
PTHR13703,2,SMAD3,SMAD4,,,,,,,,,,,,,,,
PTHR12093,1,NCKAP1,,,,,,,,,,,,,,,,
PTHR19376,2,POLR3A,POLR3A,,,,,,,,,,,,,,,
PTHR24031,6,DDX1,DDX3X,DDX3X,DDX3X,DDX3X,DDX3X,,,,,,,,,,,
PTHR22891,12,AGO3,AGO2,AGO3,AGO3,AGO1,AGO3,AGO3,AGO3,AGO3,AGO1,AGO3,AGO2,,,,,
PTHR11668,14,PPP1CC,PPP3CA,PPP4C,PPP1CC,PPP1CC,PPP1CA,PPP1CC,PPP1CC,PPP1CC,PPP1CA,PPP1CA,PPP1CC,PPP1CC,PPP1CC,,,
PTHR24055,5,MAPK1,MAPK10,MAPK14,SRPK1,MAPK7,,,,,,,,,,,,
PTHR11584,1,MAP3K5,,,,,,,,,,,,,,,,
PTHR10082,1,ITGB1,,,,,,,,,,,,,,,,
PTHR23315,1,CTNNB1,,,,,,,,,,,,,,,,
PTHR10292,1,CLTC,,,,,,,,,,,,,,,,
PTHR22625,1,PLXNA4,,,,,,,,,,,,,,,,
PTHR24418,3,SRC,FYN,CSK,,,,,,,,,,,,,,
PTHR10048,2,PIK3CA,PIK3C3,,,,,,,,,,,,,,,
PTHR11752,2,ASCC3,ASCC3,,,,,,,,,,,,,,,
PTHR10997,1,IPO7,,,,,,,,,,,,,,,,
PTHR24057,2,GSK3B,GSK3B,,,,,,,,,,,,,,,
PTHR10666,3,UBC,UBA52,RPS27A,,,,,,,,,,,,,,
PTHR10257,1,PPP2R5D,,,,,,,,,,,,,,,,
PTHR23113,1,SOS1,,,,,,,,,,,,,,,,
PTHR11679,1,VPS45,,,,,,,,,,,,,,,,
PTHR24006,6,USP7,USP4,USP7,USP7,USP7,USP2,,,,,,,,,,,
PTHR23115,6,EFTUD2,TUFM,TUFM,TUFM,TUFM,TUFM,,,,,,,,,,,
PTHR13808,1,CREBBP,,,,,,,,,,,,,,,,
PTHR24357,2,PKN1,PRKCE,,,,,,,,,,,,,,,
PTHR11139,2,MTOR,PRKDC,,,,,,,,,,,,,,,
PTHR23317,1,DOCK1,,,,,,,,,,,,,,,,
PTHR23007,2,CBL,CBL,,,,,,,,,,,,,,,
PTHR20856,2,POLR3B,POLR3B,,,,,,,,,,,,,,,
PTHR12195,1,CYFIP2,,,,,,,,,,,,,,,,
PTHR10336,2,PLCG1,PLCG1,,,,,,,,,,,,,,,
PTHR10529,3,VLDLR,VLDLR,VLDLR,,,,,,,,,,,,,,
PTHR24103,1,TRIM9,,,,,,,,,,,,,,,,
PTHR11006,2,PRMT1,PRMT1,,,,,,,,,,,,,,,
PTHR10796,1,PTCH1,,,,,,,,,,,,,,,,
PTHR23257,3,MAP3K12,MAP3K7,MAP3K12,,,,,,,,,,,,,,
PTHR24360,3,MAP2K2,MAP2K4,MAP2K7,,,,,,,,,,,,,,
PTHR22826,1,VAV2,,,,,,,,,,,,,,,,
PTHR22936,1,RHBDF2,,,,,,,,,,,,,,,,
PTHR24352,3,PDPK1,PRKCD,PRKCD,,,,,,,,,,,,,,
PTHR12431,1,SNX27,,,,,,,,,,,,,,,,
PTHR11559,2,ACHE,ACHE,,,,,,,,,,,,,,,
PTHR10830,1,DDOST,,,,,,,,,,,,,,,,
PTHR10465,1,MFN2,,,,,,,,,,,,,,,,
PTHR10315,1,SIAH1,,,,,,,,,,,,,,,,
PTHR24349,2,MAPKAPK3,MKNK1,,,,,,,,,,,,,,,
PTHR18914,1,CTNNAL1,,,,,,,,,,,,,,,,
PTHR21737,2,CACTIN,PQBP1,,,,,,,,,,,,,,,
PTHR10194,1,DAB2IP,,,,,,,,,,,,,,,,
PTHR12058,1,ARPC2,,,,,,,,,,,,,,,,
PTHR10139,1,MRE11,,,,,,,,,,,,,,,,
PTHR11347,3,PDE1C,PDE1A,PDE1B,,,,,,,,,,,,,,
PTHR19868,1,RACK1,,,,,,,,,,,,,,,,
PTHR19134,7,PTPN11,PTPN2,PTPN2,PTPN2,PTPN2,PTPN2,PTPN2,,,,,,,,,,
PTHR13683,2,CTSD,CTSD,,,,,,,,,,,,,,,
PTHR18860,1,YWHAB,,,,,,,,,,,,,,,,
PTHR12788,1,TPST1,,,,,,,,,,,,,,,,
PTHR11635,2,PRKAR1A,PRKAR1A,,,,,,,,,,,,,,,
PTHR10709,1,ARPC1A,,,,,,,,,,,,,,,,
PTHR12098,2,PELI2,PELI3,,,,,,,,,,,,,,,
PTHR11972,3,DUOX1,DUOX2,DUOX1,,,,,,,,,,,,,,
PTHR19842,1,MLST8,,,,,,,,,,,,,,,,
PTHR24072,4,CDC42,RAC1,RAC1,CDC42,,,,,,,,,,,,,
PTHR12000,1,LGMN,,,,,,,,,,,,,,,,
PTHR13038,3,ATG9A,ATG9A,ATG9A,,,,,,,,,,,,,,
PTHR24345,2,PLK1,PLK1,,,,,,,,,,,,,,,
PTHR10098,1,GPSM1,,,,,,,,,,,,,,,,
PTHR13729,2,ELP2,ELP2,,,,,,,,,,,,,,,
PTHR14950,3,DICER1,DICER1,DICER1,,,,,,,,,,,,,,
PTHR23220,1,ITGAV,,,,,,,,,,,,,,,,
PTHR23155,1,PHLPP2,,,,,,,,,,,,,,,,
PTHR12771,1,ELMO1,,,,,,,,,,,,,,,,
PTHR11711,1,ARF6,,,,,,,,,,,,,,,,
PTHR12411,11,CTSB,CTSL,CTSB,CTSB,CTSB,CTSB,CTSB,CTSB,CTSH,CTSB,CTSL,,,,,,
PTHR11353,2,HSPD1,HSPD1,,,,,,,,,,,,,,,
PTHR10535,1,POLR2E,,,,,,,,,,,,,,,,
PTHR24375,1,CTCF,,,,,,,,,,,,,,,,
PTHR11911,1,IMPDH2,,,,,,,,,,,,,,,,
PTHR24068,1,UBE2D2,,,,,,,,,,,,,,,,
PTHR11098,2,NAMPT,NAMPT,,,,,,,,,,,,,,,
PTHR16528,1,GOPC,,,,,,,,,,,,,,,,
PTHR24416,5,ERBB4,FGFR2,FGFR1,FGFR2,FGFR2,,,,,,,,,,,,
PTHR12419,2,OTUD5,OTUD5,,,,,,,,,,,,,,,
PTHR23050,10,CALM3,CALM3,CALM3,CALM3,CALM3,CALM3,CALM3,CALM3,CALM3,CALM3,,,,,,,
PTHR12305,3,PTEN,PTEN,PTEN,,,,,,,,,,,,,,
PTHR22820,1,GRB2,,,,,,,,,,,,,,,,
PTHR24139,5,PLA2G6,PLA2G6,PLA2G6,NFKBIA,PLA2G6,,,,,,,,,,,,
PTHR12768,1,BECN1,,,,,,,,,,,,,,,,
PTHR11599,1,PSMA7,,,,,,,,,,,,,,,,
PTHR23056,1,PPP3R1,,,,,,,,,,,,,,,,
PTHR13140,1,MYO10,,,,,,,,,,,,,,,,
PTHR22629,2,ARPC4,ARPC4,,,,,,,,,,,,,,,
PTHR24082,5,NR1H3,RORA,RORA,PPARG,NR1H3,,,,,,,,,,,,
PTHR23180,2,ACAP1,AGFG1,,,,,,,,,,,,,,,
PTHR11920,3,ADCY9,ADCY8,ADCY3,,,,,,,,,,,,,,
PTHR24067,3,UBE2N,UBE2V1,UBE2W,,,,,,,,,,,,,,
PTHR24070,2,KRAS,NKIRAS2,,,,,,,,,,,,,,,
PTHR10063,1,TSC2,,,,,,,,,,,,,,,,
PTHR11085,2,SIRT1,SIRT2,,,,,,,,,,,,,,,
PTHR12603,1,CNOT4,,,,,,,,,,,,,,,,
PTHR19241,4,ABCG1,ABCG1,ABCG1,ABCG1,,,,,,,,,,,,,
PTHR12308,1,ANO6,,,,,,,,,,,,,,,,
PTHR10722,1,RPL19,,,,,,,,,,,,,,,,
PTHR22904,1,STUB1,,,,,,,,,,,,,,,,
PTHR12604,2,XRCC6,XRCC5,,,,,,,,,,,,,,,
PTHR19878,1,ATG16L1,,,,,,,,,,,,,,,,
PTHR11071,1,PPIA,,,,,,,,,,,,,,,,
PTHR19818,1,GLI1,,,,,,,,,,,,,,,,
PTHR11829,3,FOXA1,FOXO3,FOXA1,,,,,,,,,,,,,,
PTHR11461,3,SERPINB9,SERPINB9,SERPINB9,,,,,,,,,,,,,,
PTHR24085,1,NR4A1,,,,,,,,,,,,,,,,
PTHR10155,1,PIK3R1,,,,,,,,,,,,,,,,
PTHR10071,3,GATA3,GATA4,GATA4,,,,,,,,,,,,,,
PTHR12874,1,FBXO9,,,,,,,,,,,,,,,,
PTHR24361,3,MAP2K6,MAP2K6,MAP2K6,,,,,,,,,,,,,,
PTHR10653,1,CAPZA2,,,,,,,,,,,,,,,,
PTHR12391,1,ARPC3,,,,,,,,,,,,,,,,
PTHR10410,3,COPS5,COPS5,COPS5,,,,,,,,,,,,,,
PTHR11177,1,CHID1,,,,,,,,,,,,,,,,
PTHR12027,2,WNT2B,WNT3A,,,,,,,,,,,,,,,
PTHR10159,2,DUSP6,DUSP16,,,,,,,,,,,,,,,
PTHR13040,1,ATG5,,,,,,,,,,,,,,,,
PTHR11849,4,ETS1,FLI1,FLI1,ELK1,,,,,,,,,,,,,
PTHR10657,2,PIN1,PIN1,,,,,,,,,,,,,,,
PTHR10677,1,UBQLN1,,,,,,,,,,,,,,,,
PTHR19969,1,CRK,,,,,,,,,,,,,,,,
PTHR23181,1,ARHGAP15,,,,,,,,,,,,,,,,
PTHR11830,1,CYLD,,,,,,,,,,,,,,,,
PTHR11945,2,MEF2C,MEF2A,,,,,,,,,,,,,,,
PTHR10856,1,CORO1A,,,,,,,,,,,,,,,,
PTHR10026,1,CCNT1,,,,,,,,,,,,,,,,
PTHR12400,1,IP6K1,,,,,,,,,,,,,,,,
PTHR28657,1,IDO1,,,,,,,,,,,,,,,,
PTHR12780,1,POLR3F,,,,,,,,,,,,,,,,
PTHR10621,1,RAD23A,,,,,,,,,,,,,,,,
PTHR16461,1,TOLLIP,,,,,,,,,,,,,,,,
PTHR13871,1,NXN,,,,,,,,,,,,,,,,
PTHR11800,1,POLR1C,,,,,,,,,,,,,,,,
PTHR11801,1,STAT5A,,,,,,,,,,,,,,,,
PTHR16484,1,PARD3,,,,,,,,,,,,,,,,
PTHR12585,1,RAD21,,,,,,,,,,,,,,,,
PTHR11710,1,RPS19,,,,,,,,,,,,,,,,
PTHR10177,1,CCNA2,,,,,,,,,,,,,,,,
PTHR12709,1,POLR3H,,,,,,,,,,,,,,,,
PTHR20648,1,ELOC,,,,,,,,,,,,,,,,
PTHR22825,1,ARHGEF2,,,,,,,,,,,,,,,,
PTHR13711,2,SMARCE1,HMGB1,,,,,,,,,,,,,,,
PTHR11546,1,HNRNPL,,,,,,,,,,,,,,,,
PTHR11960,2,EIF4E,EIF4E,,,,,,,,,,,,,,,
PTHR12665,1,ORMDL3,,,,,,,,,,,,,,,,
PTHR12287,1,EPS8,,,,,,,,,,,,,,,,
PTHR24419,1,IRAK1,,,,,,,,,,,,,,,,
PTHR13298,2,RICTOR,RICTOR,,,,,,,,,,,,,,,
PTHR10917,1,POLR2H,,,,,,,,,,,,,,,,
PTHR11239,1,POLR3K,,,,,,,,,,,,,,,,
PTHR10773,1,POLR2F,,,,,,,,,,,,,,,,
PTHR12121,1,PDE12,,,,,,,,,,,,,,,,
PTHR19282,2,CD63,CD53,,,,,,,,,,,,,,,
PTHR21252,1,SLC25A46,,,,,,,,,,,,,,,,
PTHR12630,1,PRKCSH,,,,,,,,,,,,,,,,
PTHR12931,2,OTUB1,OTUB1,,,,,,,,,,,,,,,
PTHR11905,4,ADAM10,ADAM33,ADAM33,ADAM10,,,,,,,,,,,,,
PTHR24265,1,F11,,,,,,,,,,,,,,,,
PTHR23413,1,POLR2L,,,,,,,,,,,,,,,,
PTHR10333,1,ING4,,,,,,,,,,,,,,,,
PTHR28629,2,TKFC,TKFC,,,,,,,,,,,,,,,
PTHR12354,1,IFRD1,,,,,,,,,,,,,,,,
PTHR19857,1,AAMP,,,,,,,,,,,,,,,,
PTHR13113,1,ECSIT,,,,,,,,,,,,,,,,
PTHR10288,1,PCBP2,,,,,,,,,,,,,,,,
PTHR11346,5,LGALS4,LGALS9,LGALS4,LGALS8,LGALS8,,,,,,,,,,,,
PTHR19212,1,LRRFIP2,,,,,,,,,,,,,,,,
PTHR10900,2,POSTN,POSTN,,,,,,,,,,,,,,,
PTHR11256,1,BCL2L1,,,,,,,,,,,,,,,,
PTHR22952,1,CREB1,,,,,,,,,,,,,,,,
PTHR10337,1,SHC1,,,,,,,,,,,,,,,,
PTHR10306,1,SYP,,,,,,,,,,,,,,,,
PTHR22998,1,SARM1,,,,,,,,,,,,,,,,
PTHR19139,1,AQP3,,,,,,,,,,,,,,,,
PTHR13335,1,MAPKAP1,,,,,,,,,,,,,,,,
PTHR12442,1,WDR34,,,,,,,,,,,,,,,,
PTHR10844,1,CAV1,,,,,,,,,,,,,,,,
PTHR10201,1,MMP7,,,,,,,,,,,,,,,,
PTHR10460,1,ABI1,,,,,,,,,,,,,,,,
PTHR22576,1,MALT1,,,,,,,,,,,,,,,,
PTHR11571,1,GSTP1,,,,,,,,,,,,,,,,
PTHR10826,1,C1QBP,,,,,,,,,,,,,,,,
PTHR19143,2,FCN3,FCN3,,,,,,,,,,,,,,,
PTHR11954,1,MIF,,,,,,,,,,,,,,,,
PTHR24257,1,PRTN3,,,,,,,,,,,,,,,,
PTHR11486,2,FGF20,FGF16,,,,,,,,,,,,,,,
PTHR19325,2,CR1,SELE,,,,,,,,,,,,,,,
PTHR15154,1,TSC1,,,,,,,,,,,,,,,,
PTHR17583,1,PIK3R4,,,,,,,,,,,,,,,,
PTHR24102,5,ZMYND11,ZMYND11,ZMYND11,ZMYND11,ZMYND11,,,,,,,,,,,,
PTHR46185,1,GLRX,,,,,,,,,,,,,,,,
PTHR12056,1,POLR2K,,,,,,,,,,,,,,,,
PTHR12779,1,WAS,,,,,,,,,,,,,,,,
PTHR33668,1,BRK1,,,,,,,,,,,,,,,,
PTHR12348,3,TSC22D3,TSC22D3,TSC22D3,,,,,,,,,,,,,,
PTHR24021,17,MARCO,MARCO,MARCO,MARCO,MARCO,MARCO,MARCO,MARCO,MARCO,MARCO,MARCO,MARCO,MARCO,MARCO,MARCO,MARCO,MARCO
PTHR11991,1,TPT1,,,,,,,,,,,,,,,,
PTHR24052,5,DLK1,DLK1,DLK1,DLK1,DLK1,,,,,,,,,,,,
PTHR10782,1,PIAS2,,,,,,,,,,,,,,,,
PTHR11586,1,AIMP1,,,,,,,,,,,,,,,,
PTHR12606,1,SENP2,,,,,,,,,,,,,,,,
PTHR13339,1,COPS8,,,,,,,,,,,,,,,,
PTHR12069,1,POLR3E,,,,,,,,,,,,,,,,
PTHR24365,1,TLR8,,,,,,,,,,,,,,,,
PTHR28524,1,SDHAF4,,,,,,,,,,,,,,,,
PTHR13800,11,TRPM2,TRPM2,TRPM2,TRPM2,TRPM2,TRPM2,TRPM2,TRPM2,TRPM2,TRPM2,TRPM2,,,,,,
PTHR10504,5,BPI,BPI,BPI,BPI,LBP,,,,,,,,,,,,
PTHR24268,1,TPSB2,,,,,,,,,,,,,,,,
PTHR11373,1,SAMHD1,,,,,,,,,,,,,,,,
PTHR12274,1,GRN,,,,,,,,,,,,,,,,
PTHR10910,1,PRKRA,,,,,,,,,,,,,,,,
PTHR13742,1,RB1,,,,,,,,,,,,,,,,
PTHR15090,2,SQSTM1,SQSTM1,,,,,,,,,,,,,,,
PTHR21258,1,FRS2,,,,,,,,,,,,,,,,
PTHR22906,1,CFP,,,,,,,,,,,,,,,,
PTHR13293,1,AKIRIN2,,,,,,,,,,,,,,,,
PTHR13357,1,NCKIPSD,,,,,,,,,,,,,,,,
PTHR11254,1,HACE1,,,,,,,,,,,,,,,,
PTHR10122,1,COX5B,,,,,,,,,,,,,,,,
PTHR12966,1,NDUFA13,,,,,,,,,,,,,,,,
PTHR15561,1,CRCP,,,,,,,,,,,,,,,,
PTHR22937,1,TRAIP,,,,,,,,,,,,,,,,
nan,4,nan,nan,nan,nan,,,,,,,,,,,,,